,indices,names,party
0,0,Howell Heflin,Democratic
1,1,Richard Shelby,Republican (1994–present)
2,2,Ted Stevens,Republican
3,3,Frank Murkowski,Republican
4,4,Jon Kyl,Republican
5,5,John McCain,Republican
6,6,David Pryor,Democratic
7,7,Dale Bumpers,Democratic
8,8,Dianne Feinstein,Democratic
9,9,Barbara Boxer,Democratic
10,10,Hank Brown,Republican
11,11,Joe Lieberman,Democratic (until 2006)Independent (2006–present)
12,12,Chris Dodd,Democratic
13,13,William Roth,Republican
14,14,Joe Biden,Democratic (1969–present)
15,15,Connie Mack III,Republican
16,16,Bob Graham,Democratic
17,17,Sam Nunn,Democratic
18,18,Paul Coverdell,Republican
19,19,Daniel Akaka,Democratic
20,20,Daniel Inouye,Democratic
21,21,Larry Craig,Republican
22,22,Dirk Kempthorne,Republican
23,23,Paul Simon (politician),Democratic
24,24,Carol Moseley Braun,Democratic
25,25,Richard Lugar,Republican
26,26,Dan Coats,Republican
27,27,Tom Harkin,Democratic
28,28,Chuck Grassley,Republican
29,29,Nancy Kassebaum,Republican
30,30,Bob Dole,Republican
31,31,Sheila Frahm,Republican
32,32,Sam Brownback,Republican
33,33,Mitch McConnell,Republican
34,34,Wendell Ford,Democratic
35,35,J. Bennett Johnston,Democratic
36,36,John Breaux,Democratic
37,37,Olympia Snowe,Republican
38,38,William Cohen,Republican
39,39,Paul Sarbanes,Democratic
40,40,Barbara Mikulski,Democratic
41,41,Ted Kennedy,Democratic
42,42,John Kerry,Democratic
43,43,Spencer Abraham,Republican
44,44,Carl Levin,Democratic
45,45,Rod Grams,Republican
46,46,Trent Lott,Republican (1972–present)
47,47,Thad Cochran,Republican (1967–2019)
48,48,John Ashcroft,Republican
49,49,Kit Bond,Republican
50,50,Conrad Burns,Republican
51,51,Max Baucus,Democratic
52,52,Bob Kerrey,Democratic
53,53,J. James Exon,Democratic
54,54,Richard Bryan,Democratic (1971–present)
55,55,Harry Reid,Democratic
56,56,Bob Smith (New Hampshire politician),"Republican (before 1999, 2000–present)"
57,57,Judd Gregg,Republican
58,58,Frank Lautenberg,Democratic
59,59,Bill Bradley,Democratic
60,60,Jeff Bingaman,Democratic
61,61,Pete Domenici,Republican
62,62,Daniel Patrick Moynihan,Democratic
63,63,Al D'Amato,Republican
64,64,Jesse Helms,Republican (1970–2008)
65,65,Lauch Faircloth,Democratic (1950–1990)Republican (1990–present)
66,66,Mike DeWine,Republican
67,67,John Glenn,Democratic
68,68,Jim Inhofe,Republican
69,69,Don Nickles,Republican
70,70,Mark Hatfield,Republican
71,71,Bob Packwood,Republican
72,72,Ron Wyden,Democratic
73,73,Rick Santorum,Republican
74,74,Arlen Specter,"Democratic (1951–1965, 2009–2012)Republican (1965–2009)"
75,75,John Chafee,Republican
76,76,Claiborne Pell,Democratic
77,77,Strom Thurmond,Democratic (until 1964)Republican (1964–2003)
78,78,Fritz Hollings,Democratic
79,79,Larry Pressler,Independent (2013–present)
80,80,Tom Daschle,Democratic
81,81,Bill Frist,Republican
82,82,Fred Thompson,Republican
83,83,Kay Bailey Hutchison,Republican
84,84,Phil Gramm,Democratic (before 1983)Republican (1983–present)
85,85,Orrin Hatch,Republican
86,86,Bob Bennett (politician),Republican
87,87,Jim Jeffords,Republican (before 2001)Independent (2001–2014)
88,88,Patrick Leahy,Democratic
89,89,Chuck Robb,Democratic
90,90,John Warner,Republican
91,91,Slade Gorton,Republican
92,92,Patty Murray,Democratic
93,93,Robert Byrd,Democratic
94,94,Jay Rockefeller,Democratic (1966–present)
95,95,Herb Kohl,Democratic
96,96,Russ Feingold,Democratic
97,97,Craig L. Thomas,Republican
98,98,Alan Simpson (American politician),Republican
99,99,Sonny Callahan,Democratic (before 1982)Republican (1982–2021)
100,100,Terry Everett,Republican
101,101,Glen Browder,Democratic
102,102,Tom Bevill,Democratic
103,103,Robert E. Cramer,Democratic
104,104,Spencer Bachus,Republican
105,105,Earl Hilliard,Democratic
106,106,Don Young,Republican
107,107,Matt Salmon,Republican
108,108,Ed Pastor,Democratic
109,109,Bob Stump,Democratic (1958–1982)Republican (1982–2003)
110,110,John Shadegg,Republican
111,111,Jim Kolbe,Republican (until 2018)  Independent (2018–present)
112,112,J. D. Hayworth,Republican
113,113,Blanche Lincoln,Democratic
114,114,Ray Thornton,Democratic
115,115,Tim Hutchinson,Republican
116,116,Jay Dickey,Republican
117,117,Frank Riggs,Republican
118,118,Wally Herger,Republican
119,119,Vic Fazio,Democratic
120,120,John Doolittle,Republican
121,121,Bob Matsui,Democratic
122,122,Lynn Woolsey,Democratic
123,123,George Miller (California politician),Democratic
124,124,Nancy Pelosi,Democratic
125,125,Ron Dellums,Democratic
126,126,William P. Baker,Republican
127,127,Richard Pombo,Republican
128,128,Tom Lantos,Democratic
129,129,Pete Stark,Democratic
130,130,Anna Eshoo,Democratic
131,131,Norman Mineta,Democratic
132,132,Tom Campbell (California politician),Common Sense (2020–present)[1]
133,133,Zoe Lofgren,Democratic
134,134,Sam Farr,Democratic
135,135,Gary Condit,Democratic
136,136,George Radanovich,Republican
137,137,Cal Dooley,Democratic
138,138,Bill Thomas,Republican
139,139,Andrea Seastrand,Republican
140,140,Elton Gallegly,Republican
141,141,Anthony Beilenson,Democratic
142,142,Buck McKeon,Republican
143,143,Howard Berman,Democratic
144,144,Carlos Moorhead,Republican
145,145,David Dreier,Republican
146,146,Henry Waxman,Democratic
147,147,Xavier Becerra,Democratic
148,148,Matthew G. Martínez,"Republican (Before 1974, 2000–2011)Democratic (1974–2000)"
149,149,Julian Dixon,Democratic
150,150,Lucille Roybal-Allard,Democratic
151,151,Esteban Edward Torres,Democratic
152,152,Maxine Waters,Democratic
153,153,Jane Harman,Democratic
154,154,Walter R. Tucker III,Democratic
155,155,Juanita Millender-McDonald,Democratic
156,156,Steve Horn,Republican
157,157,Ed Royce,Republican
158,158,Jerry Lewis (California politician),Republican
159,159,Jay Kim,Republican
160,160,George Brown Jr.,Democratic
161,161,Ken Calvert,Republican
162,162,Sonny Bono,Republican
163,163,Dana Rohrabacher,Republican
164,164,Bob Dornan,Republican
165,165,Christopher Cox,Republican
166,166,Ron Packard,Republican
167,167,Brian Bilbray,Republican
168,168,Bob Filner,Democratic
169,169,Duke Cunningham,Republican
170,170,Duncan L. Hunter,Republican
171,171,Pat Schroeder,Democratic
172,172,David Skaggs,Democratic
173,173,Scott McInnis,Republican
174,174,Wayne Allard,Republican
175,175,Joel Hefley,Republican
176,176,Daniel Schaefer,Republican
177,177,Barbara B. Kennelly,Democratic
178,178,Sam Gejdenson,Democratic
179,179,Rosa DeLauro,Democratic
180,180,Chris Shays,Republican
181,181,Gary Franks,Republican
182,182,Nancy Johnson,Republican
183,183,Mike Castle,Republican
184,184,Joe Scarborough,Independent (2017–present)
185,185,Pete Peterson,Democratic
186,186,Corrine Brown,Democratic
187,187,Tillie Fowler,Republican
188,188,Karen Thurman,Democratic
189,189,Cliff Stearns,Republican
190,190,John Mica,Republican
191,191,Bill McCollum,Republican
192,192,Michael Bilirakis,Republican
193,193,Bill Young,Republican
194,194,Sam Gibbons,Democratic
195,195,Charles T. Canady,Republican (1989–present)
196,196,Dan Miller (Florida politician),Republican
197,197,Porter Goss,Republican
198,198,Dave Weldon,Republican
199,199,Mark Foley,Republican
200,200,Carrie Meek,Democratic
201,201,Ileana Ros-Lehtinen,Republican
202,202,Harry Johnston (American politician),Democratic
203,203,Peter Deutsch,Democratic
204,204,Lincoln Díaz-Balart,Republican
205,205,Clay Shaw (politician),Republican
206,206,Alcee Hastings,Democratic
207,207,Jack Kingston,Republican
208,208,Sanford Bishop,Democratic
209,209,Mac Collins,Democratic (Before 1980)Republican (1980–2018)
210,210,John Linder,Republican
211,211,John Lewis,Democratic
212,212,Newt Gingrich,Republican
213,213,Bob Barr,"Republican (1970-2004, 2011–present)"
214,214,Saxby Chambliss,Republican
215,215,Nathan Deal,Republican (1995–present)
216,216,Charlie Norwood,Republican
217,217,Cynthia McKinney,NA
218,218,Neil Abercrombie,Democratic
219,219,Patsy Mink,Democratic
220,220,Helen Chenoweth-Hage,Republican
221,221,Mike Crapo,Republican
222,222,Bobby Rush,Democratic
223,223,Mel Reynolds,Democratic
224,224,Jesse Jackson Jr.,Democratic
225,225,Bill Lipinski,Democratic
226,226,Luis Gutiérrez,Democratic
227,227,Michael Patrick Flanagan,Republican
228,228,Henry Hyde,Democratic (before 1952)Republican (1952–2007)
229,229,Cardiss Collins,Democratic
230,230,Phil Crane,Republican
231,231,Sidney R. Yates,Democratic
232,232,John Porter (Illinois politician),Republican
233,233,Jerry Weller,Republican
234,234,Jerry Costello,Democratic
235,235,Harris W. Fawell,Republican
236,236,Dennis Hastert,Republican
237,237,Thomas W. Ewing,Republican
238,238,Don Manzullo,Republican
239,239,Lane Evans,Democratic
240,240,Ray LaHood,Republican
241,241,Glenn Poshard,Democratic
242,242,Dick Durbin,Democratic
243,243,Pete Visclosky,Democratic
244,244,David M. McIntosh,Republican
245,245,Tim Roemer,Democratic
246,246,Mark Souder,Republican
247,247,Steve Buyer,Republican
248,248,Dan Burton,Republican
249,249,John T. Myers (congressman),Republican
250,250,John Hostettler,Republican
251,251,Lee H. Hamilton,Democratic
252,252,Andrew Jacobs Jr.,Democratic
253,253,Jim Leach,Republican
254,254,Jim Nussle,Independent (2021–present)Republican (before 2021)
255,255,Jim Ross Lightfoot,Republican
256,256,Greg Ganske,Republican
257,257,Tom Latham (politician),Republican
258,258,Pat Roberts,Republican
259,259,Jim Ryun,Republican
260,260,Jan Meyers,Republican
261,261,Todd Tiahrt,Republican
262,262,Ed Whitfield,Republican (1994–present)
263,263,Ron Lewis,Republican
264,264,Mike Ward (American politician),Democratic
265,265,Jim Bunning,Republican
266,266,Hal Rogers,Republican
267,267,Scotty Baesler,Democratic
268,268,Bob Livingston,Republican
269,269,William J. Jefferson,Democratic
270,270,Cleo Fields,Democratic
271,271,Jim McCrery,Democratic (Before 1988)Republican (1988–present)
272,272,Richard Baker (American politician),Democratic (1972-86)  Republican (1986-present)
273,273,James B. Longley Jr.,Republican
274,274,John Baldacci,Democratic
275,275,Wayne Gilchrest,Republican (before 2019)Democratic (2019–present)[1]
276,276,Bob Ehrlich,Republican
277,277,Ben Cardin,Democratic
278,278,Albert Wynn,Democratic
279,279,Steny Hoyer,Democratic
280,280,Roscoe Bartlett,Republican
281,281,Kweisi Mfume,Democratic
282,282,Elijah Cummings,Democratic
283,283,Connie Morella,Republican
284,284,John Olver,Democratic
285,285,Richard Neal,Democratic
286,286,Peter I. Blute,Republican
287,287,Barney Frank,Democratic
288,288,Marty Meehan,Democratic
289,289,Peter G. Torkildsen,Republican
290,290,Ed Markey,Democratic
291,291,Joseph P. Kennedy II,Democratic
292,292,Joe Moakley,Democratic
293,293,Gerry Studds,Democratic
294,294,Bart Stupak,Democratic
295,295,Pete Hoekstra,Republican
296,296,Vern Ehlers,Republican
297,297,Dave Camp,Republican
298,298,James A. Barcia,Democratic
299,299,Fred Upton,Republican
300,300,Nick Smith (American politician),Republican
301,301,Dick Chrysler,Republican
302,302,Dale Kildee,Democratic
303,303,David Bonior,Democratic
304,304,Joe Knollenberg,Republican
305,305,Sander Levin,Democratic
306,306,Lynn N. Rivers,Democratic
307,307,John Conyers,Democratic
308,308,Barbara-Rose Collins,Democratic
309,309,John Dingell,Democratic
310,310,Gil Gutknecht,Republican
311,311,Jim Ramstad,Republican
312,312,Roger Wicker,Republican
313,313,Bennie Thompson,Democratic
314,314,Sonny Montgomery,Democratic
315,315,Gene Taylor (Mississippi politician),Democratic (Before 2014)Republican (2014–present)
316,316,Bill Clay,Democratic
317,317,Jim Talent,Republican
318,318,Dick Gephardt,Democratic
319,319,Ike Skelton,Democratic
320,320,Karen McCarthy,Democratic
321,321,Pat Danner,Democratic
322,322,Mel Hancock,Republican
323,323,Bill Emerson,Republican
324,324,Jo Ann Emerson,Republican (Until 1996; 1997–present)
325,325,Harold Volkmer,Democratic
326,326,Pat Williams (Montana politician),Democratic
327,327,Doug Bereuter,Republican
328,328,Jon Lynn Christensen,Republican
329,329,Bill Barrett,Republican
330,330,John Ensign,Republican
331,331,Barbara Vucanovich,Republican
332,332,Bill Zeliff,Republican
333,333,Charles Bass,Republican
334,334,Rob Andrews,Democratic
335,335,Frank LoBiondo,Republican
336,336,Jim Saxton,Republican
337,337,Chris Smith (New Jersey politician),Republican (1978–present)
338,338,Marge Roukema,Republican
339,339,Frank Pallone,Democratic
340,340,Bob Franks,Republican
341,341,William J. Martini,Republican
342,342,Robert Torricelli,Democratic
343,343,Donald M. Payne,Democratic
344,344,Rodney Frelinghuysen,Republican
345,345,Dick Zimmer,Republican
346,346,Bob Menendez,Democratic
347,347,Steven Schiff,Republican
348,348,Joe Skeen,Republican
349,349,Bill Richardson,Democratic
350,350,Michael Forbes,Democratic (1999-present)
351,351,Rick Lazio,Republican
352,352,Peter T. King,Republican
353,353,Dan Frisa,Republican
354,354,Gary Ackerman,Democratic
355,355,Floyd Flake,Democratic
356,356,Thomas J. Manton,Democratic
357,357,Jerry Nadler,Democratic
358,358,Chuck Schumer,Democratic
359,359,Edolphus Towns,Democratic
360,360,Major Owens,Democratic
361,361,Nydia Velázquez,Democratic
362,362,Susan Molinari,Republican
363,363,Carolyn Maloney,Democratic
364,364,Charles Rangel,Democratic
365,365,José E. Serrano,Democratic
366,366,Eliot Engel,Democratic
367,367,Nita Lowey,Democratic
368,368,Sue W. Kelly,Republican
369,369,Benjamin Gilman,Republican
370,370,Michael R. McNulty,Democratic
371,371,Gerald Solomon,Republican (1968–2001)
372,372,Sherwood Boehlert,Republican
373,373,John M. McHugh,Republican
374,374,James T. Walsh,Republican
375,375,Maurice Hinchey,Democratic
376,376,Bill Paxon,Republican
377,377,Louise Slaughter,Democratic
378,378,John LaFalce,Democratic
379,379,Jack Quinn (politician),Republican[1]
380,380,Amo Houghton,Republican
381,381,Eva Clayton,Democratic
382,382,David Funderburk,Republican
383,383,Walter B. Jones Jr.,Republican (after 1994)
384,384,Fred Heineman,Republican
385,385,Richard Burr,Republican
386,386,Howard Coble,Republican
387,387,Charlie Rose (politician),Democratic
388,388,Bill Hefner,Democratic
389,389,Sue Myrick,Republican
390,390,Cass Ballenger,Republican
391,391,Charles H. Taylor,Republican
392,392,Mel Watt,Democratic
393,393,Earl Pomeroy,Democratic
394,394,Steve Chabot,Republican
395,395,Rob Portman,Republican
396,396,Tony P. Hall,Democratic
397,397,Mike Oxley,Republican
398,398,Paul Gillmor,Republican
399,399,Frank Cremeans,Republican
400,400,Dave Hobson,Republican
401,401,John Boehner,Republican
402,402,Marcy Kaptur,Democratic
403,403,Martin Hoke,Republican
404,404,Louis Stokes,Democratic
405,405,John Kasich,Republican
406,406,Sherrod Brown,Democratic
407,407,Thomas C. Sawyer,Democratic
408,408,Deborah Pryce,Republican
409,409,Ralph Regula,Republican
410,410,James Traficant,Democratic (1981–2002)Independent (2002–2014)
411,411,Bob Ney,Republican
412,412,Steve LaTourette,Republican
413,413,Steve Largent,Republican
414,414,Tom Coburn,Republican
415,415,William K. Brewster,Democratic
416,416,J. C. Watts,Republican
417,417,Ernest Istook,Republican
418,418,Frank Lucas (Oklahoma politician),Republican
419,419,Elizabeth Furse,Democratic
420,420,Wes Cooley (politician),Republican
421,421,Earl Blumenauer,Democratic
422,422,Peter DeFazio,Democratic
423,423,Thomas M. Foglietta,Democratic
424,424,Chaka Fattah,Democratic
425,425,Robert A. Borski Jr.,Democratic
426,426,Ron Klink,Democratic
427,427,William F. Clinger Jr.,Republican
428,428,Tim Holden,Democratic
429,429,Curt Weldon,Republican
430,430,James C. Greenwood,Republican
431,431,Bud Shuster,Republican
432,432,Joseph M. McDade,Republican
433,433,Paul Kanjorski,Democratic
434,434,John Murtha,Democratic
435,435,Jon D. Fox,Republican
436,436,William J. Coyne,Democratic
437,437,Paul McHale,Democratic
438,438,Robert Smith Walker,Republican
439,439,George Gekas,Republican
440,440,Mike Doyle (American politician),Democratic
441,441,William F. Goodling,Republican
442,442,Frank Mascara,Democratic
443,443,Phil English,Republican
444,444,Patrick J. Kennedy,Democratic
445,445,Jack Reed (Rhode Island politician),Democratic
446,446,Mark Sanford,Republican
447,447,Floyd Spence,Democratic (c. 1946–1962) Republican (1962–2001)
448,448,Lindsey Graham,Republican
449,449,Bob Inglis,Republican
450,450,John Spratt,Democratic
451,451,Jim Clyburn,Democratic
452,452,Tim Johnson (South Dakota politician),Democratic
453,453,Jimmy Quillen,Republican
454,454,Jimmy Duncan (politician),Republican
455,455,Zach Wamp,Republican
456,456,Van Hilleary,Republican
457,457,Bob Clement,Democratic
458,458,Bart Gordon,Democratic
459,459,Ed Bryant,Republican
460,460,John S. Tanner,Democratic
461,461,Harold Ford Sr.,Democratic
462,462,Jim Chapman (congressman),Democratic
463,463,Charlie Wilson (Texas politician),Democratic
464,464,Sam Johnson,Republican
465,465,Ralph Hall,Democratic (before 2004)Republican (after 2004)
466,466,John Wiley Bryant,Democratic
467,467,Joe Barton,Republican
468,468,Bill Archer,Republican (after 1967)[1]
469,469,Jack Fields,Republican
470,470,Steve Stockman,Republican
471,471,Lloyd Doggett,Democratic
472,472,Chet Edwards,Democratic
473,473,Pete Geren,Democratic
474,474,Mac Thornberry,Republican
475,475,Kika de la Garza,Democratic
476,476,Ronald D. Coleman,Democratic
477,477,Charles Stenholm,Democratic
478,478,Sheila Jackson Lee,Democratic
479,479,Larry Combest,Republican
480,480,Henry B. González,Democratic
481,481,Lamar Smith,Republican
482,482,Tom DeLay,Republican
483,483,Henry Bonilla,Republican
484,484,Martin Frost,Democratic
485,485,Ken Bentsen Jr.,Democratic
486,486,Dick Armey,Republican
487,487,Solomon P. Ortiz,Democratic
488,488,Frank Tejeda,Democratic
489,489,Gene Green,Democratic
490,490,Eddie Bernice Johnson,Democratic
491,491,James V. Hansen,Republican
492,492,Enid Greene Mickelsen,Republican
493,493,Bill Orton,Democratic
494,494,Herbert H. Bateman,Republican (after 1976)
495,495,Owen B. Pickett,Democratic
496,496,Bobby Scott (politician),Democratic
497,497,Norman Sisisky,Democratic
498,498,Lewis F. Payne Jr.,Democratic
499,499,Bob Goodlatte,Republican
500,500,Thomas J. Bliley Jr.,Republican (after 1980)
501,501,Jim Moran,Democratic
502,502,Rick Boucher,Democratic
503,503,Frank Wolf (politician),Republican
504,504,Tom Davis (Virginia politician),Republican
505,505,Rick White (politician),Republican
506,506,Jack Metcalf (politician),Republican
507,507,Linda Smith (American politician),Republican
508,508,Doc Hastings,Republican
509,509,George Nethercutt,Republican
510,510,Norm Dicks,Democratic
511,511,Jim McDermott,Democratic
512,512,Jennifer Dunn,Republican
513,513,Randy Tate,Republican
514,514,Alan Mollohan,Democratic
515,515,Bob Wise,Democratic
516,516,Nick Rahall,Democratic
517,517,Mark Neumann,Republican
518,518,Scott L. Klug,Republican
519,519,Steve Gunderson,Republican
520,520,Jerry Kleczka,Democratic
521,521,Tom Barrett (Wisconsin politician),Democratic
522,522,Tom Petri,Republican
523,523,Dave Obey,Democratic
524,524,Toby Roth,Republican
525,525,Jim Sensenbrenner,Republican
526,526,Barbara Cubin,Republican
527,527,Eni Faleomavaega,Democratic
528,528,Eleanor Holmes Norton,Democratic
529,529,Robert A. Underwood,Democratic
530,530,Victor O. Frazer,Democratic (Before 1992)Independent Citizens Movement (1992–present)
531,531,Carlos Romero Barceló,Republican Statehood (Before 1967)New Progressive (1967–2021)
532,532,Jeff Sessions,Republican
533,533,Ben Nighthorse Campbell,Democratic (before 1995)Republican (1995–present)
534,534,Max Cleland,Democratic
535,535,Mary Landrieu,Democratic
536,536,Susan Collins,Republican
537,537,Chuck Hagel,Republican
538,538,Gordon H. Smith,Republican
539,539,Mike Enzi,Republican
540,540,Bob Riley,Republican
541,541,Robert Aderholt,Republican
542,542,Robert Marion Berry,Democratic
543,543,Vic Snyder,Democratic
544,544,Asa Hutchinson,Republican
545,545,Barbara Lee,Democratic
546,546,Ellen Tauscher,Democratic
547,547,Walter Capps,Democratic
548,548,Lois Capps,Democratic
549,549,Brad Sherman,Democratic
550,550,James E. Rogan,Republican
551,551,Mary Bono,Republican
552,552,Loretta Sanchez,Republican (before 1992)Democratic (1992–present)
553,553,Diana DeGette,Democratic
554,554,Bob Schaffer,Republican
555,555,James H. Maloney,Democratic
556,556,Allen Boyd,Democratic
557,557,Jim Davis (Florida politician),Democratic
558,558,Robert Wexler,Democratic
559,559,Rod Blagojevich,Democratic[1]
560,560,Danny K. Davis,Democratic
561,561,John Shimkus,Republican
562,562,Edward A. Pease,Republican
563,563,Julia Carson,Democratic
564,564,Leonard Boswell,Democratic
565,565,Jerry Moran,Republican
566,566,Vince Snowbarger,Republican
567,567,Anne Northup,Republican
568,568,Billy Tauzin,Democratic (1972–1995) Republican (1995–present)
569,569,John Cooksey,Republican
570,570,Chris John,Democratic
571,571,Tom Allen (Maine politician),Democratic
572,572,Jim McGovern (American politician),Democratic
573,573,John F. Tierney,Democratic
574,574,Bill Delahunt,Democratic
575,575,Debbie Stabenow,Democratic
576,576,Carolyn Cheeks Kilpatrick,Democratic
577,577,Chip Pickering,Republican
578,578,Michael Parker (politician),Democratic (before 1995)Republican (1995–present)
579,579,Roy Blunt,Republican
580,580,Kenny Hulshof,Republican
581,581,Rick Hill,Republican
582,582,Jim Gibbons (American politician),Republican
583,583,John E. Sununu,Republican
584,584,Bill Pascrell,Democratic
585,585,Steve Rothman,Democratic
586,586,Michael James Pappas,Republican
587,587,Heather Wilson,Republican
588,588,William T. Redmond,Republican
589,589,Carolyn McCarthy,Republican (Before 1996)Democratic (1996–present)
590,590,Gregory Meeks,Democratic
591,591,Vito Fossella,Republican
592,592,Bob Etheridge,Democratic
593,593,David Price (American politician),Democratic
594,594,Mike McIntyre,Democratic
595,595,Ted Strickland,Democratic
596,596,Dennis Kucinich,Democratic
597,597,Wes Watkins,Republican (1996–present)
598,598,Robert Freeman Smith,Republican
599,599,Darlene Hooley,Democratic
600,600,Bob Brady,Democratic
601,601,John E. Peterson,Republican
602,602,Joe Pitts (Pennsylvania politician),Republican
603,603,Robert Weygand,Democratic
604,604,John Thune,Republican
605,605,Bill Jenkins (politician),Republican
606,606,Harold Ford Jr.,Democratic
607,607,Max Sandlin,Democratic
608,608,Jim Turner (politician),Democratic
609,609,Pete Sessions,Republican
610,610,Kevin Brady,Republican
611,611,Nick Lampson,Democratic
612,612,Kay Granger,Republican
613,613,Ron Paul,"Libertarian (1987–1996, 2015–present)[1]"
614,614,Rubén Hinojosa,Democratic
615,615,Silvestre Reyes,Democratic
616,616,Ciro Rodriguez,Democratic
617,617,Merrill Cook,Republican (before 1988; 1996–present)
618,618,Chris Cannon,Republican
619,619,Virgil Goode,Constitution (2010–present)
620,620,Adam Smith (politician),Democratic
621,621,Ron Kind,Democratic
622,622,Jay W. Johnson,Democratic
623,623,Donna Christian-Christensen,Democratic
624,624,Zell Miller,Democratic
625,625,Peter Fitzgerald (politician),Republican
626,626,Evan Bayh,Democratic
627,627,John Edwards,Democratic
628,628,George Voinovich,Republican
629,629,Lincoln Chafee,Libertarian (2019–present)
630,630,Mike Thompson (California politician),Democratic
631,631,Doug Ose,Republican
632,632,Grace Napolitano,Democratic
633,633,Steven T. Kuykendall,Republican
634,634,Gary Miller (politician),Republican
635,635,Joe Baca,"Democratic (Before 2015, 2018–present)"
636,636,Mark Udall,Democratic
637,637,Tom Tancredo,"Republican (before 2010, 2011–2015, 2017–present)"
638,638,John B. Larson,Democratic
639,639,Johnny Isakson,Republican
640,640,Mike Simpson,Republican
641,641,Jan Schakowsky,Democratic
642,642,Judy Biggert,Republican
643,643,David D. Phelps,Democratic
644,644,Baron Hill (politician),Democratic
645,645,Dennis Moore (politician),Democratic
646,646,Ken Lucas (politician),Democratic
647,647,Ernie Fletcher,Republican
648,648,David Vitter,Republican
649,649,Mike Capuano,Democratic
650,650,Ronnie Shows,Democratic
651,651,Lee Terry,Republican
652,652,Shelley Berkley,Democratic
653,653,Rush Holt Jr.,Democratic
654,654,Tom Udall,Democratic
655,655,Joe Crowley,Democratic
656,656,Anthony Weiner,Democratic
657,657,John E. Sweeney,Republican
658,658,Thomas M. Reynolds,Republican
659,659,Robin Hayes,Republican
660,660,Stephanie Tubbs Jones,Democratic
661,661,David Wu,Democratic
662,662,Greg Walden,Republican
663,663,Don Sherwood,Republican
664,664,Joe Hoeffel,Democratic
665,665,Pat Toomey,Republican
666,666,Jim DeMint,Republican
667,667,Charlie Gonzalez,Democratic
668,668,Jay Inslee,Democratic
669,669,Brian Baird,Democratic
670,670,Paul Ryan,Republican
671,671,Tammy Baldwin,Democratic
672,672,Mark Andrew Green,Republican
673,673,Lisa Murkowski,Republican
674,674,Tom Carper,Democratic
675,675,Bill Nelson,Democratic
676,676,Jean Carnahan,Democratic
677,677,Ben Nelson,Democratic
678,678,Jon Corzine,Democratic
679,679,Hillary Clinton,Democratic (1968–present)
680,680,John Cornyn,Republican
681,681,George Allen (American politician),Republican
682,682,Maria Cantwell,Democratic
683,683,Jeff Flake,Republican
684,684,John Boozman,Republican
685,685,Mike Ross (politician),Democratic
686,686,Mike Honda,Democratic
687,687,Adam Schiff,Democratic
688,688,Hilda Solis,Democratic
689,689,Diane Watson,Democratic
690,690,Darrell Issa,Republican
691,691,Susan Davis (politician),Democratic
692,692,Rob Simmons,Republican
693,693,Jeff Miller (Florida politician),Republican (1997–present)
694,694,Ander Crenshaw,Republican
695,695,Ric Keller,Republican
696,696,Adam Putnam,Republican
697,697,Ed Case,Democratic
698,698,Butch Otter,Republican
699,699,Mark Kirk,Republican
700,700,Tim Johnson (Illinois politician),Republican
701,701,Mike Pence,Republican (1983–present)
702,702,Brian D. Kerns,Republican
703,703,Stephen F. Lynch,Democratic
704,704,Mike Rogers (Michigan politician),Republican
705,705,Mark Kennedy (politician),Republican
706,706,Lacy Clay,Democratic
707,707,Todd Akin,Republican
708,708,Sam Graves,Republican
709,709,Denny Rehberg,Republican
710,710,Tom Osborne,Republican
711,711,Mike Ferguson (New Jersey politician),Republican
712,712,Felix Grucci,Republican
713,713,Steve Israel,Democratic
714,714,Pat Tiberi,Republican
715,715,John A. Sullivan (Oklahoma politician),Republican
716,716,Brad Carson,Democratic
717,717,Melissa Hart (politician),Republican
718,718,Bill Shuster,Republican
719,719,Todd Russell Platts,Republican
720,720,James Langevin,Democratic
721,721,Henry E. Brown Jr.,Republican
722,722,Joe Wilson (American politician),Republican
723,723,John Culberson,Republican
724,724,Jim Matheson,Democratic
725,725,Jo Ann Davis,Republican
726,726,Ed Schrock,Republican
727,727,Randy Forbes,Republican
728,728,Eric Cantor,Republican
729,729,Rick Larsen,Democratic
730,730,Shelley Moore Capito,Republican
731,731,Mark Pryor,Democratic
732,732,Norm Coleman,Republican (1996–present)
733,733,Elizabeth Dole,Democratic (before 1975)Republican (1975–present)
734,734,Lamar Alexander,Republican
735,735,Jo Bonner,Republican
736,736,Mike Rogers (Alabama politician),Republican
737,737,Artur Davis,"Democratic (before 2012, 2015–2016, 2017–present)"
738,738,Rick Renzi,Republican
739,739,Trent Franks,Republican
740,740,Raúl Grijalva,Democratic (since 1974)
741,741,Dennis Cardoza,Democratic
742,742,Devin Nunes,Republican
743,743,Linda Sánchez,Democratic
744,744,Marilyn Musgrave,Republican
745,745,Bob Beauprez,Republican
746,746,Ginny Brown-Waite,Republican
747,747,Katherine Harris,Republican
748,748,Kendrick Meek,Democratic
749,749,Tom Feeney,Republican
750,750,Mario Díaz-Balart,Republican (1985–present)
751,751,Jim Marshall (Georgia politician),Democratic
752,752,Denise Majette,Democratic
753,753,Phil Gingrey,Republican
754,754,Max Burns,Republican
755,755,David Scott (Georgia politician),Democratic
756,756,Rahm Emanuel,Democratic
757,757,Chris Chocola,Republican
758,758,Steve King,Republican
759,759,Ben Chandler,Democratic
760,760,Mike Michaud,Democratic
761,761,Dutch Ruppersberger,Democratic
762,762,Chris Van Hollen,Democratic
763,763,Candice Miller,Republican
764,764,Thaddeus McCotter,Republican
765,765,John Kline (politician),Republican
766,766,Jon Porter,Republican
767,767,Jeb Bradley,Republican
768,768,Scott Garrett,Republican
769,769,Steve Pearce (politician),Republican
770,770,Tim Bishop,Democratic
771,771,Frank Ballance,Democratic
772,772,G. K. Butterfield,Democratic
773,773,Brad Miller (politician),Democratic
774,774,Mike Turner,Republican
775,775,Tim Ryan (Ohio politician),Democratic
776,776,Tom Cole,Republican
777,777,Jim Gerlach,Republican
778,778,Tim Murphy (American politician),Republican
779,779,Gresham Barrett,Republican
780,780,Bill Janklow,Republican
781,781,Stephanie Herseth Sandlin,Democratic
782,782,Lincoln Davis,Democratic
783,783,Jim Cooper,Democratic
784,784,Marsha Blackburn,Republican
785,785,Jeb Hensarling,Republican
786,786,Randy Neugebauer,Republican
787,787,Chris Bell (politician),Democratic
788,788,Michael C. Burgess,Republican
789,789,John Carter (Texas politician),Republican
790,790,Rob Bishop,Republican
791,791,Madeleine Bordallo,Democratic
792,792,Ken Salazar,Democratic
793,793,Mel Martínez,Democratic (Before 1979)[1]Republican (1979–present)
794,794,Barack Obama,Democratic
795,795,Dan Lungren,Republican
796,796,Doris Matsui,Democratic
797,797,Jim Costa,Democratic
798,798,John B. T. Campbell III,Republican
799,799,John Salazar,Democratic
800,800,Connie Mack IV,Republican
801,801,Debbie Wasserman Schultz,Democratic
802,802,Tom Price (American politician),Republican
803,803,Lynn Westmoreland,Republican
804,804,John Barrow (American politician),Democratic
805,805,Dan Lipinski,Democratic
806,806,Melissa Bean,Democratic
807,807,Mike Sodrel,Republican
808,808,Geoff Davis,Republican
809,809,Bobby Jindal,Republican
810,810,Charlie Melançon,Democratic
811,811,Rodney Alexander,Republican (2004–present)
812,812,Charles Boustany,Republican
813,813,Joe Schwarz,Independent (2010–present)
814,814,Russ Carnahan,Democratic
815,815,Emanuel Cleaver,Democratic
816,816,Jeff Fortenberry,Republican
817,817,Albio Sires,"Democratic (before 1985, 1998–present)"
818,818,Brian Higgins,Democratic
819,819,Randy Kuhl,Republican
820,820,Virginia Foxx,Republican
821,821,Patrick McHenry,Republican
822,822,Jean Schmidt,Republican
823,823,Dan Boren,Democratic
824,824,Mike Fitzpatrick,Republican
825,825,Allyson Schwartz,Democratic
826,826,Charlie Dent,Republican
827,827,Louie Gohmert,Republican
828,828,Ted Poe,Republican
829,829,Al Green (politician),Democratic
830,830,Michael McCaul,Republican
831,831,Mike Conaway,Republican
832,832,Shelley Sekula-Gibbs,Republican
833,833,Kenny Marchant,Republican
834,834,Henry Cuellar,Democratic
835,835,Thelma Drake,Republican
836,836,Cathy McMorris Rodgers,Republican
837,837,Dave Reichert,Republican
838,838,Gwen Moore,Democratic
839,839,Claire McCaskill,Democratic
840,840,Jon Tester,Democratic
841,841,Bob Casey Jr.,Democratic
842,842,Sheldon Whitehouse,Democratic
843,843,Bob Corker,Republican
844,844,Jim Webb,Democratic (2006–present)
845,845,John Barrasso,Republican
846,846,Harry Mitchell,Democratic
847,847,Gabby Giffords,Republican (before 2000)[1]Democratic (2000–present)
848,848,Jerry McNerney,Democratic
849,849,Jackie Speier,Democratic
850,850,Kevin McCarthy (California politician),Republican
851,851,Laura Richardson,Democratic
852,852,Doug Lamborn,Republican
853,853,Ed Perlmutter,Democratic
854,854,Joe Courtney (politician),Democratic
855,855,Chris Murphy,Democratic
856,856,Gus Bilirakis,Republican
857,857,Kathy Castor,Democratic
858,858,Vern Buchanan,Republican
859,859,Tim Mahoney,Republican (before 2005)Democratic (2005–present)
860,860,Ron Klein,Democratic
861,861,Hank Johnson,Democratic
862,862,Paul Broun,Republican
863,863,Mazie Hirono,Democratic
864,864,Bill Sali,Republican
865,865,Peter Roskam,Republican
866,866,Bill Foster (politician),Democratic
867,867,Phil Hare,Democratic
868,868,Joe Donnelly,Democratic
869,869,André Carson,Democratic
870,870,Brad Ellsworth,Democratic
871,871,Bruce Braley,Democratic
872,872,Dave Loebsack,Democratic
873,873,Nancy Boyda,Democratic (2003–present)
874,874,John Yarmuth,Democratic (1985–present)
875,875,Steve Scalise,Republican
876,876,Don Cazayoux,Democratic
877,877,John Sarbanes,Democratic
878,878,Donna Edwards,Democratic
879,879,Niki Tsongas,Democratic
880,880,Tim Walberg,Republican
881,881,Michele Bachmann,Republican
882,882,Travis Childers,Democratic
883,883,Adrian Smith (politician),Republican
884,884,Dean Heller,Republican
885,885,Carol Shea-Porter,Democratic
886,886,Paul Hodes,Democratic
887,887,Yvette Clarke,Democratic
888,888,John Hall (New York politician),Democratic
889,889,Kirsten Gillibrand,Democratic
890,890,Mike Arcuri,Democratic
891,891,Heath Shuler,Democratic
892,892,Jim Jordan (American politician),Republican
893,893,Bob Latta,Republican
894,894,Charlie Wilson (Ohio politician),Democratic
895,895,Marcia Fudge,Democratic
896,896,Betty Sutton,Democratic
897,897,Zack Space,Democratic
898,898,Mary Fallin,Republican (1975–present)
899,899,Jason Altmire,Democratic
900,900,Joe Sestak,Democratic (2006–present)
901,901,Patrick Murphy (Pennsylvania politician),Democratic
902,902,Chris Carney,Democratic
903,903,David Davis (Tennessee politician),Republican
904,904,Steve Cohen (politician),Democratic
905,905,Peter Welch,Democratic
906,906,Rob Wittman,Republican
907,907,Steve Kagen,Democratic
908,908,Mark Begich,Democratic
909,909,Michael Bennet,Democratic
910,910,Ted Kaufman,Democratic
911,911,Chris Coons,Democratic (1988–present)
912,912,George LeMieux,Republican
913,913,Jim Risch,Republican
914,914,Roland Burris,Democratic
915,915,Paul G. Kirk,Democratic
916,916,Scott Brown (politician),Republican
917,917,Amy Klobuchar,Democratic/Minnesota Democratic-Farmer-Labor Party
918,918,Al Franken,Democratic
919,919,Mike Johanns,Republican (1988–present)
920,920,Jeanne Shaheen,Democratic
921,921,Kay Hagan,Democratic
922,922,Jeff Merkley,Democratic
923,923,Mark Warner,Democratic
924,924,Carte Goodwin,Democratic
925,925,Joe Manchin,Democratic
926,926,Bobby Bright,Republican (2011–present)
927,927,Ann Kirkpatrick,Democratic
928,928,Tom McClintock,Republican
929,929,John Garamendi,Democratic
930,930,Judy Chu,Democratic
931,931,Duncan D. Hunter,Republican
932,932,Jared Polis,Democratic
933,933,Betsy Markey,Democratic
934,934,Mike Coffman,Republican
935,935,Jim Himes,Democratic
936,936,Alan Grayson,Democratic
937,937,Bill Posey,Republican
938,938,Tom Rooney (Florida politician),Republican
939,939,Ted Deutch,Democratic
940,940,Suzanne Kosmas,Democratic
941,941,Tom Graves,Republican
942,942,Charles Djou,Independent (2018–present)
943,943,Walt Minnick,Democratic
944,944,Mike Quigley (politician),Democratic
945,945,Debbie Halvorson,Democratic
946,946,Aaron Schock,Republican
947,947,Marlin Stutzman,Republican
948,948,Lynn Jenkins,Republican
949,949,Brett Guthrie,Republican
950,950,Joseph Cao,Republican
951,951,John Fleming (American politician),Republican
952,952,Bill Cassidy,Republican  (1994–present)
953,953,Chellie Pingree,Democratic
954,954,Frank Kratovil,Democratic
955,955,Mark Schauer,Democratic
956,956,Gary Peters,Democratic
957,957,Erik Paulsen,Republican
958,958,Gregg Harper,Republican
959,959,Blaine Luetkemeyer,Republican
960,960,Dina Titus,Democratic
961,961,John Adler,Democratic
962,962,Leonard Lance,Republican
963,963,Martin Heinrich,Democratic
964,964,Harry Teague,Democratic
965,965,Ben Ray Luján,Democratic
966,966,Michael McMahon,Democratic
967,967,Scott Murphy,Democratic
968,968,Paul Tonko,Democratic
969,969,Bill Owens (New York politician),Democratic (2009–present)
970,970,Dan Maffei,Democratic
971,971,Chris Lee (New York politician),Republican
972,972,Eric Massa,Democratic
973,973,Tom Reed (politician),Republican
974,974,Larry Kissell,Democratic
975,975,Steve Driehaus,Democratic
976,976,Steve Austria,Republican
977,977,Mary Jo Kilroy,Democratic
978,978,John Boccieri,Democratic
979,979,Kurt Schrader,Democratic
980,980,Kathy Dahlkemper,Democratic
981,981,Glenn Thompson (politician),Republican
982,982,Mark Critz,Democratic
983,983,Phil Roe (politician),Republican
984,984,Pete Olson,Republican
985,985,Jason Chaffetz,Democratic (before 1990)Republican (1990–present)
986,986,Glenn Nye,Democratic
987,987,Tom Perriello,Democratic
988,988,Gerry Connolly,Democratic
989,989,Cynthia Lummis,Republican
990,990,Richard Blumenthal,Democratic
991,991,Marco Rubio,Republican
992,992,Brian Schatz,Democratic
993,993,Rand Paul,Republican
994,994,Kelly Ayotte,Republican (2003–present)
995,995,John Hoeven,Republican (1998–present)
996,996,Tim Scott,Republican
997,997,Mike Lee (American politician),Republican
998,998,Ron Johnson (Wisconsin politician),Republican
999,999,Martha Roby,Republican
1000,1000,Mo Brooks,Republican
1001,1001,Terri Sewell,Democratic
1002,1002,Paul Gosar,Republican
1003,1003,Ben Quayle,Republican
1004,1004,David Schweikert,Republican
1005,1005,Ron Barber,Democratic
1006,1006,Rick Crawford (politician),Republican
1007,1007,Tim Griffin,Republican
1008,1008,Steve Womack,Republican
1009,1009,Jeff Denham,Republican
1010,1010,Karen Bass,Democratic
1011,1011,Janice Hahn,Democratic
1012,1012,Scott Tipton,Republican
1013,1013,Cory Gardner,Republican
1014,1014,John Carney (politician),Democratic
1015,1015,Steve Southerland (Florida politician),Republican
1016,1016,Rich Nugent,Republican
1017,1017,Daniel Webster (Florida politician),Republican
1018,1018,Dennis Ross (politician),Republican
1019,1019,Frederica Wilson,Democratic
1020,1020,Allen West (politician),Republican
1021,1021,Sandy Adams,Republican
1022,1022,David Rivera,Republican
1023,1023,Rob Woodall,Republican
1024,1024,Austin Scott (politician),Republican
1025,1025,Colleen Hanabusa,Democratic
1026,1026,Raúl Labrador,Republican
1027,1027,Joe Walsh (American politician),Independent (2020–present)[1]
1028,1028,Bob Dold,Republican
1029,1029,Adam Kinzinger,Republican
1030,1030,Randy Hultgren,Republican
1031,1031,Bobby Schilling,Republican
1032,1032,Todd Rokita,Republican
1033,1033,Larry Bucshon,Republican
1034,1034,Todd Young,Republican
1035,1035,Tim Huelskamp,Republican
1036,1036,Kevin Yoder,Republican
1037,1037,Mike Pompeo,Republican
1038,1038,Thomas Massie,Republican
1039,1039,Cedric Richmond,Democratic
1040,1040,Jeff Landry,Republican
1041,1041,Andy Harris (politician),Republican
1042,1042,Bill Keating (politician),Democratic
1043,1043,Dan Benishek,Republican
1044,1044,Bill Huizenga,Republican
1045,1045,Justin Amash,Libertarian (2020–present)
1046,1046,David Curson,Democratic
1047,1047,Hansen Clarke,Democratic
1048,1048,Chip Cravaack,Republican
1049,1049,Alan Nunnelee,Republican
1050,1050,Steven Palazzo,Republican
1051,1051,Vicky Hartzler,Republican
1052,1052,Billy Long,Republican
1053,1053,Mark Amodei,Republican
1054,1054,Joe Heck,Republican
1055,1055,Frank Guinta,Republican
1056,1056,Jon Runyan Sr.,Republican
1057,1057,Donald Payne Jr.,Democratic
1058,1058,Bob Turner (American politician),Republican
1059,1059,Michael Grimm (politician),Republican
1060,1060,Nan Hayworth,Republican
1061,1061,Chris Gibson (New York politician),Republican
1062,1062,Richard L. Hanna,Republican
1063,1063,Ann Marie Buerkle,Republican
1064,1064,Kathy Hochul,Democratic
1065,1065,Renee Ellmers,Republican
1066,1066,Rick Berg,Republican
1067,1067,Bill Johnson (Ohio politician),Republican
1068,1068,Steve Stivers,Republican
1069,1069,Jim Renacci,Republican
1070,1070,Bob Gibbs,Republican
1071,1071,James Lankford,Republican
1072,1072,Suzanne Bonamici,Democratic
1073,1073,Mike Kelly (Pennsylvania politician),Republican
1074,1074,Pat Meehan,Republican
1075,1075,Tom Marino,Republican
1076,1076,Lou Barletta,Republican
1077,1077,David Cicilline,Democratic
1078,1078,Jeff Duncan (politician),Republican
1079,1079,Trey Gowdy,Republican
1080,1080,Mick Mulvaney,Republican
1081,1081,Kristi Noem,Republican
1082,1082,Chuck Fleischmann,Republican
1083,1083,Scott DesJarlais,Republican
1084,1084,Diane Black,Republican
1085,1085,Stephen Fincher,Republican
1086,1086,Bill Flores,Republican
1087,1087,Quico Canseco,Republican
1088,1088,Blake Farenthold,Republican
1089,1089,Scott Rigell,Republican
1090,1090,Robert Hurt (politician),Republican
1091,1091,Morgan Griffith,Republican
1092,1092,Suzan DelBene,Democratic
1093,1093,Jaime Herrera Beutler,Republican
1094,1094,David McKinley,Republican
1095,1095,Sean Duffy,Republican
1096,1096,Reid Ribble,Republican
1097,1097,Gregorio Sablan,Independent (2008–2009; 2014–present)
1098,1098,Elizabeth Warren,Democratic (1996–present)
1099,1099,Mo Cowan,Democratic
1100,1100,John Walsh (Montana politician),Democratic
1101,1101,Deb Fischer,Republican
1102,1102,Jeffrey Chiesa,Republican
1103,1103,Cory Booker,Democratic
1104,1104,Ted Cruz,Republican
1105,1105,Tim Kaine,Democratic
1106,1106,Bradley Byrne,Republican (1997–present)
1107,1107,Kyrsten Sinema,Democratic (2004–present)
1108,1108,Tom Cotton,Republican
1109,1109,Doug LaMalfa,Republican
1110,1110,Jared Huffman,Democratic
1111,1111,Ami Bera,Democratic
1112,1112,Paul Cook (politician),Republican
1113,1113,Eric Swalwell,Democratic
1114,1114,David Valadao,Republican
1115,1115,Julia Brownley,Democratic
1116,1116,Tony Cárdenas,Democratic
1117,1117,Gloria Negrete McLeod,Democratic
1118,1118,Raul Ruiz (politician),Democratic
1119,1119,Mark Takano,Democratic (1983–present)
1120,1120,Alan Lowenthal,Democratic
1121,1121,Juan Vargas,Democratic
1122,1122,Scott Peters (politician),Democratic
1123,1123,Elizabeth Esty,Democratic
1124,1124,Ted Yoho,Republican
1125,1125,Ron DeSantis,Republican
1126,1126,David Jolly,SAM (2020–present)
1127,1127,Patrick Murphy (Florida politician),Democratic (2011–present)
1128,1128,Trey Radel,Republican
1129,1129,Curt Clawson,Republican
1130,1130,Lois Frankel,Democratic
1131,1131,Joe Garcia,Democratic
1132,1132,Doug Collins (politician),Republican
1133,1133,Tulsi Gabbard,Democratic
1134,1134,Robin Kelly,Democratic
1135,1135,Tammy Duckworth,Democratic
1136,1136,Brad Schneider,Democratic
1137,1137,William Enyart,Democratic
1138,1138,Rodney Davis (politician),Republican
1139,1139,Cheri Bustos,Democratic
1140,1140,Jackie Walorski,Republican
1141,1141,Susan Brooks,Republican
1142,1142,Luke Messer,Republican
1143,1143,Andy Barr (American politician),Republican
1144,1144,Vance McAllister,Republican
1145,1145,John Delaney (Maryland politician),Democratic
1146,1146,Joe Kennedy III,Democratic
1147,1147,Katherine Clark,Democratic
1148,1148,Dan Kildee,Democratic
1149,1149,Kerry Bentivolio,"Republican (before 2016, 2018–present)"
1150,1150,Ann Wagner,Republican
1151,1151,Jason Smith (politician),Republican
1152,1152,Steve Daines,Republican
1153,1153,Steven Horsford,Democratic
1154,1154,Annie Kuster,Democratic
1155,1155,Donald Norcross,Democratic
1156,1156,Michelle Lujan Grisham,Democratic
1157,1157,Grace Meng,Democratic
1158,1158,Hakeem Jeffries,Democratic
1159,1159,Sean Patrick Maloney,Democratic
1160,1160,Chris Collins (New York politician),Republican
1161,1161,Richard Hudson (American politician),Republican
1162,1162,Robert Pittenger,Republican
1163,1163,Mark Meadows,Republican
1164,1164,Alma Adams,Democratic
1165,1165,George Holding,Republican
1166,1166,Kevin Cramer,Republican
1167,1167,Brad Wenstrup,Republican
1168,1168,Joyce Beatty,Democratic
1169,1169,David Joyce (politician),Republican
1170,1170,Jim Bridenstine,Republican
1171,1171,Markwayne Mullin,Republican
1172,1172,Scott Perry (politician),Republican
1173,1173,Keith Rothfus,Republican
1174,1174,Matt Cartwright,Democratic
1175,1175,Tom Rice,Republican
1176,1176,Randy Weber,Republican
1177,1177,Beto O'Rourke,Democratic
1178,1178,Joaquin Castro,Democratic
1179,1179,Pete Gallego,Democratic
1180,1180,Roger Williams (American politician),Republican
1181,1181,Marc Veasey,Democratic
1182,1182,Filemon Vela Jr.,Democratic
1183,1183,Chris Stewart (politician),Republican
1184,1184,Dave Brat,Republican
1185,1185,Derek Kilmer,Democratic
1186,1186,Denny Heck,Democratic
1187,1187,Mark Pocan,Democratic
1188,1188,Dan Sullivan (U.S. senator),Republican
1189,1189,David Perdue,Republican
1190,1190,Joni Ernst,Republican
1191,1191,Ben Sasse,Republican
1192,1192,Thom Tillis,Republican
1193,1193,Mike Rounds,Republican
1194,1194,Gary Palmer (politician),Republican
1195,1195,Martha McSally,Republican
1196,1196,Ruben Gallego,Democratic
1197,1197,French Hill (politician),Republican
1198,1198,Bruce Westerman,Republican
1199,1199,Mark DeSaulnier,Democratic (2000–present)
1200,1200,Steve Knight (politician),Republican
1201,1201,Pete Aguilar,Democratic
1202,1202,Ted Lieu,Democratic
1203,1203,Norma Torres,Democratic
1204,1204,Mimi Walters,Republican
1205,1205,Ken Buck,Republican
1206,1206,Gwen Graham,Democratic
1207,1207,Carlos Curbelo,Republican
1208,1208,Buddy Carter,Republican
1209,1209,Jody Hice,Republican
1210,1210,Barry Loudermilk,Republican
1211,1211,Rick W. Allen,Republican
1212,1212,Mark Takai,Democratic
1213,1213,Mike Bost,Republican
1214,1214,Darin LaHood,Republican
1215,1215,Rod Blum,Republican
1216,1216,David Young (Iowa politician),Republican
1217,1217,James Comer (politician),Republican
1218,1218,Ralph Abraham (politician),Republican
1219,1219,Garret Graves,Republican
1220,1220,Bruce Poliquin,Republican
1221,1221,Seth Moulton,Democratic
1222,1222,John Moolenaar,Republican
1223,1223,Mike Bishop (politician),Republican
1224,1224,Dave Trott (politician),Republican
1225,1225,Debbie Dingell,Republican (until 1981)Democratic (1981–present)
1226,1226,Brenda Lawrence,Democratic
1227,1227,Tom Emmer,Republican
1228,1228,Trent Kelly,Republican
1229,1229,Ryan Zinke,Republican
1230,1230,Brad Ashford,"Democratic (1982–1988, 2013–present)[1]"
1231,1231,Cresent Hardy,Republican
1232,1232,Tom MacArthur,Republican
1233,1233,Bonnie Watson Coleman,Democratic
1234,1234,Lee Zeldin,Republican
1235,1235,Kathleen Rice,Republican (before 2005)Democratic (2005–present)
1236,1236,Dan Donovan (politician),Republican
1237,1237,Elise Stefanik,Republican
1238,1238,John Katko,Republican
1239,1239,Mark Walker (North Carolina politician),Republican
1240,1240,David Rouzer,Republican
1241,1241,Warren Davidson,Republican
1242,1242,Steve Russell (politician),Republican
1243,1243,Dwight Evans (politician),Democratic
1244,1244,Ryan Costello,Republican
1245,1245,Brendan Boyle,Democratic
1246,1246,John Ratcliffe (American politician),Republican
1247,1247,Will Hurd,Republican
1248,1248,Brian Babin,Republican
1249,1249,Mia Love,Republican
1250,1250,Don Beyer,Democratic
1251,1251,Barbara Comstock,Republican
1252,1252,Dan Newhouse,Republican
1253,1253,Alex Mooney,Republican
1254,1254,Evan Jenkins (politician),"Republican (before 1992,2013–present)Democratic (1992–2013)"
1255,1255,Glenn Grothman,Republican
1256,1256,Amata Coleman Radewagen,Republican
1257,1257,Stacey Plaskett,Democratic (2008–present)
1258,1258,Luther Strange,Republican
1259,1259,Doug Jones (politician),Democratic
1260,1260,Kamala Harris,Democratic
1261,1261,John Kennedy (Louisiana politician),Republican (2007–present)
1262,1262,Cindy Hyde-Smith,Republican (2010–present)
1263,1263,Catherine Cortez Masto,Democratic
1264,1264,Maggie Hassan,Democratic
1265,1265,Tom O'Halleran,Democratic (2015–present)
1266,1266,Andy Biggs,Republican
1267,1267,Debbie Lesko,Republican
1268,1268,Ro Khanna,Democratic
1269,1269,Jimmy Panetta,Democratic
1270,1270,Salud Carbajal,Democratic
1271,1271,Jimmy Gomez,Democratic
1272,1272,Nanette Barragán,Democratic
1273,1273,Lou Correa,Democratic
1274,1274,Lisa Blunt Rochester,Democratic
1275,1275,Matt Gaetz,Republican
1276,1276,Neal Dunn,Republican
1277,1277,John Rutherford (Florida politician),Republican
1278,1278,Al Lawson,Democratic
1279,1279,Stephanie Murphy,Democratic
1280,1280,Darren Soto,Democratic
1281,1281,Val Demings,Democratic
1282,1282,Charlie Crist,Democratic (2012–present)
1283,1283,Brian Mast,Republican
1284,1284,Francis Rooney,Republican
1285,1285,Drew Ferguson (politician),Republican
1286,1286,Karen Handel,Republican
1287,1287,Raja Krishnamoorthi,Democratic
1288,1288,Jim Banks,Republican
1289,1289,Trey Hollingsworth,Republican
1290,1290,Roger Marshall (politician),Republican
1291,1291,Ron Estes,Republican
1292,1292,Clay Higgins,Republican
1293,1293,Mike Johnson (Louisiana politician),Republican
1294,1294,Anthony G. Brown,Democratic
1295,1295,Jamie Raskin,Democratic
1296,1296,Jack Bergman,Republican
1297,1297,Paul Mitchell (politician),Republican (until 2020)Independent (2020–2021)
1298,1298,Brenda Jones (politician),Democratic
1299,1299,Jason Lewis (Minnesota politician),Republican
1300,1300,Greg Gianforte,Republican
1301,1301,Don Bacon,Republican
1302,1302,Jacky Rosen,Democratic
1303,1303,Ruben Kihuen,Democratic
1304,1304,Josh Gottheimer,Democratic
1305,1305,Thomas Suozzi,Democratic
1306,1306,Adriano Espaillat,Democratic
1307,1307,John Faso,Republican
1308,1308,Claudia Tenney,Republican
1309,1309,Joseph Morelle,Democratic
1310,1310,Ted Budd,Republican
1311,1311,Troy Balderson,Republican
1312,1312,Kevin Hern,Republican
1313,1313,Mary Gay Scanlon,Democratic
1314,1314,Brian Fitzpatrick (American politician),Republican
1315,1315,Susan Wild,Democratic
1316,1316,Lloyd Smucker,Republican
1317,1317,Conor Lamb,Democratic
1318,1318,Ralph Norman,Republican
1319,1319,David Kustoff,Republican
1320,1320,Vicente Gonzalez (politician),Democratic
1321,1321,Jodey Arrington,Republican
1322,1322,Michael Cloud,Republican
1323,1323,John Curtis (Utah politician),Republican (before 2000; 2006–present)
1324,1324,Scott Taylor (politician),Republican
1325,1325,Donald McEachin,Democratic
1326,1326,Tom Garrett (Virginia politician),Republican
1327,1327,Pramila Jayapal,Democratic
1328,1328,Mike Gallagher (American politician),Republican
1329,1329,Liz Cheney,Republican
1330,1330,Mark Kelly,Democratic (2018–present)[1]
1331,1331,Rick Scott,Republican
1332,1332,Kelly Loeffler,Republican
1333,1333,Mike Braun,Republican (2012–present)
1334,1334,Josh Hawley,Republican
1335,1335,Mitt Romney,Republican (1993–present)
1336,1336,Greg Stanton,Democratic
1337,1337,Josh Harder,Democratic
1338,1338,TJ Cox,Democratic
1339,1339,Katie Hill (politician),Democratic
1340,1340,Mike Garcia (politician),Republican
1341,1341,Gil Cisneros,Democratic (2008–present)
1342,1342,Katie Porter,Democratic
1343,1343,Harley Rouda,Democratic (2017–present)
1344,1344,Mike Levin,Democratic
1345,1345,Joe Neguse,Democratic
1346,1346,Jason Crow,Democratic
1347,1347,Jahana Hayes,Democratic
1348,1348,Michael Waltz,Republican
1349,1349,Ross Spano,Republican
1350,1350,Greg Steube,Republican
1351,1351,Debbie Mucarsel-Powell,Democratic
1352,1352,Donna Shalala,Democratic
1353,1353,Kwanza Hall,Democratic
1354,1354,Lucy McBath,Democratic
1355,1355,Russ Fulcher,Republican
1356,1356,"Jesús ""Chuy"" García",Democratic
1357,1357,Sean Casten,Democratic
1358,1358,Lauren Underwood,Democratic
1359,1359,Jim Baird (politician),Republican
1360,1360,Greg Pence,Republican
1361,1361,Abby Finkenauer,Democratic
1362,1362,Cindy Axne,Democratic
1363,1363,Steve Watkins,Republican
1364,1364,Sharice Davids,Democratic
1365,1365,Jared Golden,Democratic
1366,1366,David Trone,Democratic
1367,1367,Lori Trahan,Democratic
1368,1368,Ayanna Pressley,Democratic
1369,1369,Elissa Slotkin,Democratic
1370,1370,Andy Levin,Democratic
1371,1371,Haley Stevens,Democratic
1372,1372,Rashida Tlaib,Democratic
1373,1373,Jim Hagedorn,Republican
1374,1374,Pete Stauber,Republican
1375,1375,Michael Guest (politician),Republican
1376,1376,Susie Lee,Democratic
1377,1377,Chris Pappas (politician),Democratic
1378,1378,Andy Kim (politician),Democratic
1379,1379,Tom Malinowski,Democratic
1380,1380,Mikie Sherrill,Democratic
1381,1381,Deb Haaland,Democratic
1382,1382,Xochitl Torres Small,Democratic
1383,1383,Max Rose,Democratic
1384,1384,Alexandria Ocasio-Cortez,Democratic
1385,1385,Antonio Delgado (politician),Democratic
1386,1386,Anthony Brindisi,Democratic
1387,1387,Chris Jacobs (politician),Republican
1388,1388,Greg Murphy (politician),Republican
1389,1389,Dan Bishop,Republican
1390,1390,Kelly Armstrong,Republican
1391,1391,Anthony Gonzalez (politician),Republican
1392,1392,Kendra Horn,Democratic
1393,1393,Madeleine Dean,Democratic
1394,1394,Chrissy Houlahan,Democratic
1395,1395,Dan Meuser,Republican
1396,1396,Fred Keller (politician),Republican
1397,1397,John Joyce (American politician),Republican
1398,1398,Guy Reschenthaler,Republican
1399,1399,Joe Cunningham (American politician),Democratic
1400,1400,William Timmons,Republican
1401,1401,Dusty Johnson,Republican
1402,1402,Tim Burchett,Republican
1403,1403,John Rose (Tennessee politician),Republican
1404,1404,Mark E. Green,Republican
1405,1405,Dan Crenshaw,Republican
1406,1406,Van Taylor,Republican
1407,1407,Lance Gooden,Republican
1408,1408,Ron Wright (politician),Republican
1409,1409,Lizzie Fletcher,Democratic
1410,1410,Veronica Escobar,Democratic
1411,1411,Chip Roy,Republican
1412,1412,Sylvia Garcia,Democratic
1413,1413,Colin Allred,Democratic
1414,1414,Ben McAdams,Democratic
1415,1415,Elaine Luria,Democratic
1416,1416,Denver Riggleman,Republican
1417,1417,Ben Cline,Republican
1418,1418,Abigail Spanberger,Democratic
1419,1419,Jennifer Wexton,Democratic
1420,1420,Kim Schrier,Democratic
1421,1421,Carol Miller (politician),Republican
1422,1422,Bryan Steil,Republican
1423,1423,Tom Tiffany,Republican
1424,1424,Michael San Nicolas,Democratic
1425,1425,Tommy Tuberville,Republican
1426,1426,Alex Padilla,Democratic
1427,1427,John Hickenlooper,Democratic
1428,1428,Jon Ossoff,Democratic
1429,1429,Raphael Warnock,Democratic
1430,1430,Bill Hagerty,Republican
1431,1431,Jerry Carl,Republican
1432,1432,Barry Moore (Alabama politician),Republican
1433,1433,Jay Obernolte,Republican
1434,1434,Young Kim,Republican
1435,1435,Michelle Steel,Republican
1436,1436,Sara Jacobs,Democratic
1437,1437,Lauren Boebert,Republican
1438,1438,Kat Cammack,Republican
1439,1439,Scott Franklin (politician),Republican
1440,1440,Byron Donalds,Republican
1441,1441,Carlos A. Giménez,Republican
1442,1442,Maria Elvira Salazar,Republican
1443,1443,Nikema Williams,Democratic
1444,1444,Carolyn Bourdeaux,Democratic
1445,1445,Andrew Clyde,Republican
1446,1446,Marjorie Taylor Greene,Republican
1447,1447,Kai Kahele,Democratic
1448,1448,Marie Newman,Democratic
1449,1449,Mary Miller (politician),Republican
1450,1450,Frank J. Mrvan,Democratic
1451,1451,Victoria Spartz,Republican
1452,1452,Ashley Hinson,Republican
1453,1453,Mariannette Miller-Meeks,Republican
1454,1454,Randy Feenstra,Republican
1455,1455,Tracey Mann,Republican
1456,1456,Jake LaTurner,Republican
1457,1457,Troy Carter (politician),Democratic
1458,1458,Julia Letlow,Republican
1459,1459,Jake Auchincloss,"Democratic (before 2013, 2015–present)"
1460,1460,Peter Meijer,Republican
1461,1461,Lisa McClain,Republican
1462,1462,Michelle Fischbach,Republican
1463,1463,Cori Bush,Democratic
1464,1464,Matt Rosendale,Republican
1465,1465,Jeff Van Drew,Republican (2020–present)
1466,1466,Melanie Stansbury,Democratic
1467,1467,Yvette Herrell,Republican
1468,1468,Teresa Leger Fernandez,Democratic
1469,1469,Andrew Garbarino,Republican
1470,1470,Nicole Malliotakis,Republican
1471,1471,Ritchie Torres,Democratic
1472,1472,Jamaal Bowman,Democratic
1473,1473,Mondaire Jones,Democratic
1474,1474,Deborah K. Ross,Democratic
1475,1475,Kathy Manning,Democratic
1476,1476,Madison Cawthorn,Republican
1477,1477,Stephanie Bice,Republican
1478,1478,Cliff Bentz,Republican
1479,1479,Nancy Mace,Republican
1480,1480,Diana Harshbarger,Republican
1481,1481,Pat Fallon,Republican
1482,1482,Jake Ellzey,Republican
1483,1483,August Pfluger,Republican
1484,1484,Ronny Jackson,Republican[1]
1485,1485,Troy Nehls,Republican
1486,1486,Tony Gonzales,Republican
1487,1487,Beth Van Duyne,Republican
1488,1488,Blake Moore,Republican
1489,1489,Burgess Owens,Republican
1490,1490,Marilyn Strickland,Democratic
1491,1491,Scott L. Fitzgerald,Republican
